index,website
0,http://www.agilent.com
1,http://www.alcoa.com
2,http://www.aa.com
3,http://www.shop.advanceautoparts.com
4,http://www.apple.com
5,http://www.abbvie.com
6,http://www.amerisourcebergen.com
7,http://www.abbott.com
8,http://www.acegroup.com
9,http://www.accenture.com
10,http://www.adobe.com
11,http://www.analog.com
12,http://www.adm.com
13,http://www.adp.com
14,http://www.alliancedata.com
15,http://www.autodesk.com
16,http://www.adt.com
17,http://www.ameren.com
18,http://www.aep.com
19,http://www.aes.com
20,http://www.aetna.com
21,http://www.aflac.com
22,http://www.allergan.com
23,http://www.aig.com
24,http://www.aimco.com
25,http://www.assurant.com
26,http://www.akamai.com
27,http://www.allstate.com
28,http://www.allegion.com
29,http://www.altera.com
30,http://www.alxn.com
31,http://www.appliedmaterials.com
32,http://www.ametek.com
33,http://www.amg.com
34,http://www.amgen.com
35,http://www.ameriprise.com
36,http://www.americantower.com
37,http://www.amazon.com
38,http://www.autonation.com
39,http://www.antheminc.com
40,http://www.aon.com
41,http://www.apachecorp.com
42,http://www.anadarko.com
43,http://www.airproducts.com
44,http://www.amphenol.com
45,http://www.airgas.com
46,http://www.avalonbay.com
47,http://www.avagotech.com
48,http://www.averydennison.com
49,http://www.americanexpress.com
50,http://www.autozone.com
51,http://www.boeing.com
52,http://www.bankofamerica.com
53,http://www.baxter.com
54,http://www.bedbathandbeyond.com
55,http://www.bbt.com
56,http://www.bestbuy.com
57,http://www.crbard.com
58,http://www.bd.com
59,http://www.franklinresources.com
60,http://www.brown-forman.com
61,http://www.bakerhughes.com
62,http://www.biogen.com
63,http://www.bnymellon.com
64,http://www.blackrock.com
65,http://www.ball.com
66,http://www.bms.com
67,http://www.broadcom.com
68,http://www.berkshirehathaway.com
69,http://www.bostonscientific.com
70,http://www.borgwarner.com
71,http://www.baxalta.com
72,http://www.bostonproperties.com
73,http://www.citigroup.com
74,http://www.ca.com
75,http://www.conagrafoods.com
76,http://www.cardinal.com
77,http://www.c-a-m.com
78,http://www.Caterpillar.com
79,http://www.chubb.com
80,http://www.cbre.com
81,http://www.cbscorporation.com
82,http://www.cokecce.com
83,http://www.crowncastle.com
84,http://www.carnivalcorp.com
85,http://www.celgene.com
86,http://www.cerner.com
87,http://www.cfindustries.com
88,http://www.chk.com
89,http://www.chrobinson.com
90,http://www.cigna.com
91,http://www.cinfin.com
92,http://www.colgate.com
93,http://www.thecloroxcompany.com
94,http://www.comerica.com
95,http://www.comcastcorporation.com
96,http://www.cmegroup.com
97,http://www.chipotle.com
98,http://www.cummins.com
99,http://www.cmsenergy.com
100,http://www.centerpointenergy.com
101,http://www.consolenergy.com
102,http://www.capitalone.com
103,http://www.cabotog.com
104,http://www.coach.com
105,http://www.rockwellcollins.com
106,http://www.conocophillips.com
107,http://www.costco.com
108,http://www.campbellsoup.com
109,http://www.columbiapipelinegroup.com
110,http://www.salesforce.com
111,http://www.csc.com
112,http://www.cisco.com
113,http://www.csx.com
114,http://www.cintas.com
115,http://www.centurylink.com
116,http://www.cognizant.com
117,http://www.citrix.com
118,http://www.cablevision.com
119,http://www.cvshealth.com
120,http://www.chevron.com
121,http://www.dom.com
122,http://www.delta.com
123,http://www.dupont.com
124,http://www.deere.com
125,http://www.discoverfinancial.com
126,http://www.dollargeneral.com
127,http://www.questdiagnostics.com
128,http://www.drhorton.com
129,http://www.danaher.com
130,http://www.thewaltdisneycompany.com
131,http://corporate.discovery.com
132,http://corporate.discovery.com
133,http://www.delphi.com
134,http://www.dollartreeinfo.com/
135,http://www.dnb.com
136,http://www.diamondoffshore.com
137,http://www.dovercorporation.com
138,http://www.dow.com
139,http://www.drpeppersnapplegroup.com
140,http://www.darden.com
141,http://www.dteenergy.com
142,http://www.duke-energy.com
143,http://www.davitahealthcarepartners.com
144,http://www.dvn.com
145,http://www.ea.com
146,http://www.ebayinc.com
147,http://www.ecolab.com
148,http://www.conedison.com
149,http://www.equifax.com
150,http://www.edison.com
151,http://www.elcompanies.com
152,http://www.emc.com
153,http://www.eastman.com
154,http://www.emerson.com
155,http://www.endo.com
156,http://www.eogresources.com
157,http://www.equinix.com
158,http://www.equityapartments.com
159,http://www.eqt.com
160,http://www.eversource.com
161,http://www.express-scripts.com
162,http://www.essexpropertytrust.com
163,http://www.enscoplc.com
164,http://www.etrade.com
165,http://www.eaton.com
166,http://www.entergy.com
167,http://www.edwards.com
168,http://www.exeloncorp.com
169,http://www.expeditors.com
170,http://www.expediainc.com
171,http://www.ford.com
172,http://www.fastenal.com
173,http://www.facebook.com
174,http://www.fcx.com
175,http://www.fedex.com
176,http://www.firstenergycorp.com
177,http://www.f5.com
178,http://www.fisglobal.com
179,http://www.fiserv.com
180,http://www.53.com
181,http://www.flir.com
182,http://www.fluor.com
183,http://www.flowserve.com
184,http://www.fmc.com
185,http://www.fossilgroup.com
186,http://www.21cf.com
187,http://www.firstsolar.com
188,http://www.fmctechnologies.com
189,http://www.frontier.com
190,http://www.aglr.com
191,http://www.generaldynamics.com
192,http://www.ge.com
193,http://www.ggp.com
194,http://www.gilead.com
195,http://www.generalmills.com
196,http://www.corning.com
197,http://www.gm.com
198,http://www.keuriggreenmountain.com
199,http://www.gamestopcorp.com
200,http://www.genworth.com
201,http://www.google.com
202,http://www.google.com
203,http://www.genpt.com
204,http://www.gapinc.com
205,http://www.garmin.com
206,http://www.goldmansachs.com
207,http://www.goodyear.com
208,http://www.grainger.com
209,http://www.halliburton.com
210,http://www.harman.com
211,http://www.hasbro.com/en_us/
212,http://www.huntington.com
213,http://www.hanesbrands.com
214,http://www.hcahealthcare.com
215,http://www.hcsbonline.com
216,http://www.hcreit.com
217,http://www.hcpi.com
218,http://www.homedepot.com
219,http://www.hess.com
220,http://www.thehartford.com
221,http://www.harley-davidson.com
222,http://www.honeywell.com
223,http://www.starwoodhotels.com
224,http://www.hpinc.com
225,http://www.hp.com
226,http://www.hrblock.com
227,http://www.hormelfoods.com
228,http://www.harris.com
229,http://www.henryschein.com
230,http://www.hospira.com
231,http://www.hosthotels.com
232,http://www.thehersheycompany.com
233,http://www.humana.com
234,http://www.ibm.com
235,http://www.theice.com
236,http://www.iff.com
237,http://www.intel.com
238,http://www.intuit.com
239,http://www.internationalpaper.com
240,http://www.interpublic.com
241,http://www.ingersoll-rand.com
242,http://www.ironmountain.com
243,http://www.intuitivesurgical.com
244,http://www.itw.com
245,http://www.invesco.com
246,http://www.jbhunt.com
247,http://www.johnsoncontrols.com
248,http://www.jacobs.com
249,http://www.jnj.com
250,http://www.juniper.net
251,http://www.joyglobal.com
252,http://www.jpmorganchase.com
253,http://www.nordstrom.com
254,http://www.kelloggcompany.com
255,http://www.key.com
256,http://www.kraftheinzcompay.com
257,http://www.kimcorealty.com
258,http://www.kla-tencor.com
259,http://www.kimberly-clark.com
260,http://www.kindermorgan.com
261,http://www.carmax.com
262,http://www.coca-colacompany.com
263,http://www.michaelkors.com
264,http://www.kroger.com
265,http://www.kohls.com
266,http://www.kcsouthern.com
267,http://www.loews.com
268,http://www.limitedbrands.com
269,http://www.leggett.com
270,http://www.lennar.com
271,http://www.labcorp.com
272,http://www.l-3com.com
273,http://www.linear.com
274,http://www.lilly.com
275,http://www.leggmason.com
276,http://www.lockheedmartin.com
277,http://www.lfg.com
278,http://www.lowes.com
279,http://www.lamresearch.com
280,http://www.leucadia.com
281,http://www.southwest.com
282,http://www.level3.com
283,http://www.lyondellbasell.com
284,http://www.macysinc.com
285,http://www.mastercard.com
286,http://www.macerich.com
287,http://www.marriott.com
288,http://www.masco.com
289,http://corporate.mattel.com
290,http://www.mcdonalds.com
291,http://www.microchip.com
292,http://www.mckesson.com
293,http://www.moodys.com
294,http://www.mondelezinternational.com
295,http://www.medtronic.ca
296,http://www.metlife.com
297,http://www.mhfi.com
298,http://www.mohawkind.com
299,http://www.meadjohnson.com
300,http://www.mccormickcorporation.com
301,http://www.martinmarietta.com
302,http://www.mmc.com
303,http://www.3m.com
304,http://www.mallinckrodt.com
305,http://www.monsterbevcorp.com
306,http://www.altria.com
307,http://www.monsanto.com
308,http://www.mosaicco.com
309,http://www.marathonpetroleum.com
310,http://www.merck.com
311,http://www.marathonoil.com
312,http://www.morganstanley.com
313,http://www.microsoft.com
314,http://www.motorolasolutions.com
315,http://www.mtb.com
316,http://www.micron.com
317,http://www.murphyoilcorp.com
318,http://www.mylan.com
319,http://www.navient.com
320,http://www.nobleenergyinc.com
321,http://www.nasdaqomx.com
322,http://www.nexteraenergy.com
323,http://www.newmont.com
324,http://www.netflix.com
325,http://www.newfield.com
326,http://www.nisource.com
327,http://www.nikeinc.com
328,http://www.nielsen.com
329,http://www.northropgrumman.com
330,http://www.nov.com
331,http://www.nrgenergy.com
332,http://www.nscorp.com
333,http://www.netapp.com
334,http://www.northerntrust.com
335,http://www.nucor.com
336,http://www.nvidia.com
337,http://www.newellrubbermaid.com
338,http://www.newscorp.com
339,http://www.realtyincome.com
340,http://www.o-i.com
341,http://www.oneok.com
342,http://www.omnicomgroup.com
343,http://www.oracle.com
344,http://www.oreillyauto.com
345,http://www.oxy.com
346,http://www.paychex.com
347,http://www.peoples.com
348,http://www.pitneybowes.com
349,http://www.paccar.com
350,http://www.pgecorp.com
351,http://www.plumcreek.com
352,http://www.pricelinegroup.com
353,http://www.precast.com
354,http://www.pattersoncompanies.com
355,http://www.pseg.com
356,http://www.pepsico.com
357,http://www.pfizer.com
358,http://www.principal.com
359,http://www.pg.com
360,http://www.progressive.com
361,http://www.parker.com
362,http://www.pultegroupinc.com
363,http://www.perkinelmer.com
364,http://www.prologis.com
365,http://www.pall.com
366,http://www.pmi.com
367,http://www.pnc.com
368,http://www.pentair.com
369,http://www.pinnaclewest.com
370,http://www.pepcoholdings.com
371,http://www.ppg.com
372,http://www.pplweb.com
373,http://www.perrigo.com
374,http://www.prudential.com
375,http://www.publicstorage.com
376,http://www.phillips66.com
377,http://www.pvh.com
378,http://www.quantaservices.com
379,http://www.praxair.com
380,http://www.pxd.com
381,http://www.paypal.com
382,http://www.qualcomm.com
383,http://www.qorvo.com
384,http://www.ryder.com
385,http://www.reynoldsamerican.com
386,http://www.rclinvestor.com
387,http://www.regeneron.com
388,http://www.regions.com
389,http://www.roberthalf.com
390,http://www.redhat.com
391,http://www.deepwater.com
392,http://www.ralphlauren.com
393,http://www.rockwellautomation.com
394,http://www.ropertech.com
395,http://www.rossstores.com
396,http://www.rangeresources.com
397,http://www.republicservices.com
398,http://www.raytheon.com
399,http://www.starbucks.com
400,http://www.scana.com
401,http://www.aboutschwab.com
402,http://www.spectraenergy.com
403,http://www.sealedair.com
404,http://www.sherwin-williams.com
405,http://www.sigmaaldrich.com
406,http://www.signetjewelers.com
407,http://www.jmsmucker.com
408,http://www.slb.com
409,http://www.slgreen.com
410,http://www.snapon.com
411,http://www.sandisk.com
412,http://www.scrippsnetworksinteractive.com
413,http://www.southerncompany.com
414,http://www.simon.com
415,http://www.staples.com
416,http://www.stericycle.com
417,http://www.sempra.com
418,http://www.suntrust.com
419,http://www.sjm.com
420,http://www.statestreet.com
421,http://www.seagate.com
422,http://www.cbrands.com
423,http://www.stanleyblackanddecker.com
424,http://www.skyworksinc.com
425,http://www.swn.com
426,http://www.strykercorp.com
427,http://www.symantec.com/about
428,http://www.sysco.com
429,http://www.att.com
430,http://www.molsoncoors.com
431,http://www.teradata.com
432,http://www.tecoenergy.com
433,http://www.teconnectivity.com
434,http://www.tegna.com
435,http://www.targetcorp.com
436,http://www.tenethealth.com
437,http://www.tiffany.com
438,http://www.tjx.com
439,http://www.torchmarkcorp.com
440,http://www.thermofisher.com
441,http://www.tripadvisor.com
442,http://www.troweprice.com
443,http://www.travelers.com
444,http://www.tractorsupply.com
445,http://www.tyson.com
446,http://www.tsocorp.com
447,http://www.tsys.com
448,http://www.timewarnercable.com
449,http://www.timewarner.com
450,http://www.ti.com
451,http://www.textron.com
452,http://www.tyco.com
453,http://www.underarmour.com
454,http://www.uhsinc.com
455,http://www.unitedhealthgroup.com
456,http://www.unum.com
457,http://www.up.com
458,http://www.ups.com
459,http://www.urbn.com
460,http://www.unitedrentals.com
461,http://www.usbank.com
462,http://www.utc.com
463,http://usa.visa.com
464,http://www.varian.com
465,http://www.vfc.com
466,http://www.viacom.com
467,http://www.valero.com
468,http://www.vulcanmaterials.com
469,http://www.vno.com
470,http://www.verisigninc.com
471,http://www.vrtx.com
472,http://www.ventasreit.com
473,http://www.verizon.com
474,http://www.waters.com
475,http://www.walgreensbootsalliance.com
476,http://www.wdc.com
477,http://www.wecenergygroup.com
478,http://www.wellsfargo.com
479,http://www.wholefoodsmarket.com
480,http://www.whirlpoolcorp.com
481,http://www.wm.com
482,http://www.williams.com
483,http://www.walmartstores.com
484,http://www.westrock.com
485,http://www.westernunion.com
486,http://www.weyerhaeuser.com
487,http://www.wyndhamworldwide.com
488,http://www.wynnresorts.com
489,http://www.cimarex.com
490,http://www.xcelenergy.com
491,http://www.xlgroup.com
492,http://www.xilinx.com
493,http://www.exxonmobil.com
494,http://www.dentsply.com
495,http://www.xerox.com
496,http://www.xyleminc.com
497,http://www.yahoo.com
498,http://www.yum.com
499,http://www.zimmerbiomet.com
500,http://www.zionsbancorporation.com
501,http://www.zoetis.com